Date,Model,Category,Region,Units Sold,Unit Price,Total Sales
2025-01-14,PR 997H,Running,Middle East,28,119.54,3347.1200000000003
2024-11-21,PR 327,Tennis,Latin America,16,209.9,3358.4
2025-03-02,9060,Basketball,Asia Pacific,37,229.46,8490.02
2024-11-30,9060,Lifestyle,Europe,14,142.43,1994.02
2025-01-18,237,Running,Middle East,14,232.89,3260.46
2025-02-10,860v13,Training,Asia Pacific,39,131.69,5135.91
2025-03-01,9060,Hiking,Asia Pacific,41,243.17,9969.97
2025-03-06,9060,Basketball,Europe,17,76.97,1308.49
2025-04-19,57/40,Made in USA,North America,19,190.53,3620.07
2025-01-07,PR 990v5,Lifestyle,North America,47,153.82,7229.54
2024-11-24,9060,Walking,Africa,41,133.65,5479.650000000001
2025-04-14,860v13,Training,North America,37,180.22,6668.14
2025-03-20,PR 574 Core,Hiking,North America,26,193.73,5036.98
2025-02-08,1500,Running,Africa,40,60.83,2433.2
2024-12-18,PR 990v5,Basketball,Middle East,17,91.72,1559.24
2025-02-03,860v13,Walking,Europe,49,195.48,9578.519999999999
2025-02-06,993,Hiking,Africa,34,186.61,6344.740000000001
2025-02-03,1300,Made in USA,Middle East,18,243.55,4383.900000000001
2024-12-18,PR 574 Core,Walking,North America,11,204.6,2250.6
2025-02-23,993,Running,Middle East,24,240.65,5775.6
2024-11-12,1300,Walking,North America,12,193.48,2321.7599999999998
2025-01-07,PR 990v5,Made in USA,North America,45,116.63,5248.349999999999
2025-02-21,993,Basketball,Africa,13,80.02,1040.26
2025-02-28,PR 574 Core,Walking,Europe,23,208.55,4796.650000000001
2025-01-07,57/40,Made in USA,Latin America,34,182.39,6201.259999999999
2024-12-28,1500,Hiking,Middle East,19,69.16,1314.04
2025-01-08,PR 574 Core,Training,Middle East,30,128.41,3852.2999999999997
2025-03-25,PR 327,Tennis,Africa,45,241.79,10880.55
2024-11-16,860v13,Lifestyle,Europe,21,155.08,3256.6800000000003
2024-12-09,PR 327,Running,North America,36,142.22,5119.92
2025-04-28,1300,Basketball,Middle East,49,146.96,7201.04
2025-04-20,PR 574 Core,Training,Europe,11,99.69,1096.59
2024-11-25,PR 327,Made in USA,Asia Pacific,22,130.05,2861.1000000000004
2024-11-22,237,Training,Asia Pacific,41,130.26,5340.66
2025-04-21,9060,Walking,Latin America,40,69.95,2798.0
2025-01-28,9060,Tennis,Middle East,25,205.84,5146.0
2025-03-19,860v13,Running,North America,41,139.14,5704.74
2025-02-14,PR 990v5,Walking,Middle East,41,216.21,8864.61
2025-03-31,237,Basketball,Latin America,43,221.57,9527.51
2024-12-29,1080v11,Walking,Asia Pacific,20,100.28,2005.6
2025-03-22,1500,Hiking,Latin America,19,184.9,3513.1
2024-11-16,PR 997H,Tennis,Middle East,24,149.73,3593.5199999999995
2025-02-08,1080v11,Running,Middle East,26,227.23,5907.98
2025-03-14,993,Lifestyle,Asia Pacific,49,100.99,4948.509999999999
2025-02-16,9060,Training,Asia Pacific,27,188.78,5097.06
2025-03-18,1500,Basketball,Europe,18,175.47,3158.46
2025-04-25,PR 327,Hiking,North America,34,116.11,3947.74
2025-03-02,860v13,Walking,Asia Pacific,49,85.95,4211.55
2025-03-27,1080v11,Running,North America,23,183.81,4227.63
2024-12-31,PR 327,Running,Latin America,34,200.33,6811.22
2025-03-02,860v13,Made in USA,Latin America,31,119.97,3719.07
2025-01-16,993,Lifestyle,Asia Pacific,39,182.52,7118.280000000001
2024-11-21,860v13,Tennis,North America,29,135.07,3917.0299999999997
2025-02-10,57/40,Basketball,Asia Pacific,30,195.51,5865.299999999999
2024-11-09,PR 990v5,Walking,Asia Pacific,41,97.85,4011.85
2025-03-09,1500,Lifestyle,Europe,30,229.14,6874.2
2025-03-27,1500,Made in USA,Latin America,44,114.61,5042.84
2025-03-13,1080v11,Basketball,North America,41,129.88,5325.08
2025-03-27,PR 574 Core,Tennis,Latin America,39,71.04,2770.5600000000004
2025-04-23,PR 990v5,Running,Europe,48,81.19,3897.12
2025-04-08,PR 990v5,Running,Africa,21,158.01,3318.21
2024-12-08,1300,Tennis,Latin America,27,110.84,2992.6800000000003
2024-12-01,1300,Lifestyle,Europe,30,218.74,6562.200000000001
2025-02-23,9060,Basketball,Middle East,22,62.79,1381.3799999999999
2024-12-15,1500,Lifestyle,Latin America,30,132.03,3960.9
2024-12-13,1500,Made in USA,North America,17,124.1,2109.7
2024-12-25,PR 574 Core,Walking,Europe,49,63.67,3119.83
2024-12-20,PR 327,Tennis,Africa,16,83.63,1338.08
2024-12-03,PR 997H,Tennis,Latin America,32,138.59,4434.88
2024-11-11,993,Made in USA,Europe,41,153.64,6299.24
2025-02-17,993,Walking,Africa,20,136.82,2736.3999999999996
2024-11-21,993,Running,Middle East,31,160.88,4987.28
2025-04-24,57/40,Hiking,North America,31,173.08,5365.4800000000005
2025-02-20,PR 997H,Tennis,Latin America,34,61.89,2104.26
2024-12-22,9060,Lifestyle,Middle East,31,148.18,4593.58
2025-04-10,860v13,Training,Asia Pacific,37,243.06,8993.22
2024-12-08,1500,Running,North America,38,158.62,6027.56
2025-04-02,1080v11,Made in USA,North America,22,188.73,4152.0599999999995
2025-01-06,1080v11,Made in USA,North America,27,119.25,3219.75
2025-01-21,1080v11,Training,North America,11,207.06,2277.66
2024-11-18,PR 997H,Made in USA,Africa,38,206.86,7860.68
2024-11-23,1300,Walking,Middle East,30,159.05,4771.5
2025-02-08,PR 327,Lifestyle,Asia Pacific,24,245.44,5890.5599999999995
2025-03-23,PR 997H,Tennis,Latin America,36,83.85,3018.6
2025-02-10,PR 574 Core,Tennis,North America,40,63.22,2528.8
2025-03-22,1080v11,Made in USA,Latin America,24,206.33,4951.92
2025-01-23,860v13,Training,Europe,32,213.36,6827.52
2025-01-10,1300,Lifestyle,Middle East,33,82.84,2733.7200000000003
2025-03-14,PR 990v5,Basketball,Middle East,22,110.46,2430.12
2025-02-26,1500,Lifestyle,North America,31,63.33,1963.23
2024-11-04,237,Made in USA,North America,46,115.73,5323.58
2025-04-29,860v13,Training,Middle East,42,206.9,8689.800000000001
2025-04-09,1500,Training,Latin America,12,158.41,1900.92
2025-03-31,PR 574 Core,Tennis,Asia Pacific,28,126.14,3531.92
2025-03-14,PR 327,Made in USA,Europe,32,130.63,4180.16
2025-02-16,860v13,Running,Middle East,38,60.26,2289.88
2024-11-29,PR 574 Core,Hiking,Asia Pacific,39,116.96,4561.44
2025-02-15,PR 327,Lifestyle,Latin America,48,182.83,8775.84
2024-12-09,PR 574 Core,Running,Africa,34,245.1,8333.4
2024-12-08,PR 997H,Tennis,North America,46,220.94,10163.24
2025-03-26,993,Walking,Africa,17,64.48,1096.16
2025-03-31,1300,Tennis,Middle East,25,230.73,5768.25
2025-03-30,237,Basketball,Latin America,17,208.81,3549.77
2024-11-26,57/40,Hiking,Latin America,10,208.27,2082.7000000000003
2024-11-28,57/40,Walking,Latin America,14,147.02,2058.28
2025-03-25,1080v11,Made in USA,Latin America,12,135.62,1627.44
2024-11-26,860v13,Lifestyle,Middle East,10,117.55,1175.5
2025-01-13,860v13,Training,North America,13,72.48,942.24
2025-03-18,PR 997H,Tennis,Africa,49,103.36,5064.64
2025-01-28,PR 574 Core,Hiking,Europe,44,106.85,4701.4
2025-02-14,PR 327,Tennis,North America,41,151.97,6230.7699999999995
2025-01-07,1300,Basketball,Latin America,43,202.01,8686.43
2025-02-07,PR 574 Core,Basketball,Middle East,34,150.02,5100.68
2025-04-17,PR 997H,Basketball,Latin America,19,70.99,1348.81
2025-03-05,57/40,Running,North America,30,241.98,7259.4
2025-03-27,237,Lifestyle,Africa,48,239.12,11477.76
2025-04-05,237,Lifestyle,Africa,36,209.19,7530.84
2025-03-02,57/40,Running,Asia Pacific,36,248.35,8940.6
2024-11-10,1300,Walking,Asia Pacific,11,163.45,1797.9499999999998
2024-12-15,860v13,Basketball,Middle East,22,242.93,5344.46
2025-01-10,PR 327,Made in USA,Asia Pacific,18,74.36,1338.48
2025-02-12,993,Walking,Latin America,45,129.48,5826.599999999999
2024-12-07,1300,Basketball,North America,31,102.82,3187.4199999999996
2025-04-08,1080v11,Running,Middle East,35,97.21,3402.35
2025-04-05,1300,Hiking,Middle East,21,86.75,1821.75
2025-04-24,1300,Made in USA,North America,26,178.26,4634.76
2025-04-27,57/40,Training,Asia Pacific,23,208.45,4794.349999999999
2025-02-11,57/40,Running,Africa,23,169.88,3907.24
2024-11-10,9060,Tennis,Asia Pacific,43,87.92,3780.56
2025-02-10,1080v11,Walking,North America,29,214.11,6209.1900000000005
2025-01-24,PR 990v5,Basketball,Latin America,20,180.83,3616.6000000000004
2025-04-26,57/40,Running,Asia Pacific,25,133.75,3343.75
2024-12-31,PR 997H,Walking,Middle East,40,188.08,7523.200000000001
2024-11-13,PR 997H,Made in USA,Europe,15,109.38,1640.6999999999998
2025-03-02,993,Basketball,Europe,28,125.59,3516.52
2025-01-08,993,Made in USA,Africa,46,234.32,10778.72
2025-02-04,860v13,Running,North America,13,115.2,1497.6000000000001
2024-11-06,9060,Tennis,Latin America,13,149.3,1940.9
2025-01-26,PR 327,Hiking,Middle East,29,229.13,6644.7699999999995
2025-01-17,57/40,Tennis,Europe,19,194.47,3694.93
2025-01-19,1080v11,Running,Asia Pacific,33,71.82,2370.06
2025-01-11,860v13,Training,Middle East,44,87.99,3871.56
2025-03-06,993,Running,Latin America,35,61.49,2152.15
2025-04-28,57/40,Basketball,North America,46,179.88,8274.48
2025-04-25,237,Training,Middle East,47,145.06,6817.82
2024-11-26,237,Basketball,Middle East,30,85.51,2565.3
2024-12-29,237,Walking,Asia Pacific,49,242.01,11858.49
2024-12-05,57/40,Basketball,Latin America,48,160.64,7710.719999999999
2025-01-16,PR 327,Basketball,North America,30,105.96,3178.7999999999997
2025-02-22,237,Walking,Middle East,19,155.11,2947.09
2025-01-22,1500,Hiking,Latin America,47,189.13,8889.11
2025-01-08,PR 574 Core,Walking,Middle East,13,74.49,968.3699999999999
2025-02-15,1080v11,Walking,Europe,29,112.19,3253.5099999999998
2025-04-04,860v13,Walking,Europe,26,213.32,5546.32
2025-04-15,1300,Lifestyle,North America,16,147.34,2357.44
2024-11-23,PR 574 Core,Hiking,Europe,13,163.85,2130.0499999999997
2024-12-19,PR 327,Basketball,North America,38,142.24,5405.120000000001
2025-02-22,1080v11,Tennis,Middle East,23,68.34,1571.8200000000002
2024-12-25,1500,Made in USA,Africa,12,91.49,1097.8799999999999
2025-02-13,PR 997H,Hiking,Europe,33,144.65,4773.45
2025-03-05,PR 327,Basketball,Latin America,46,99.75,4588.5
2025-03-13,993,Lifestyle,Latin America,25,69.5,1737.5
2025-02-04,860v13,Lifestyle,North America,13,220.29,2863.77
2024-11-15,PR 574 Core,Hiking,Africa,33,246.43,8132.1900000000005
2025-03-12,993,Tennis,Middle East,43,210.7,9060.1
2024-12-11,PR 574 Core,Lifestyle,Asia Pacific,39,222.22,8666.58
2024-11-17,PR 990v5,Made in USA,Latin America,27,105.98,2861.46
2025-01-19,1500,Tennis,Africa,28,242.52,6790.56
2025-03-10,860v13,Tennis,Latin America,40,97.42,3896.8
2025-02-12,PR 990v5,Tennis,North America,28,240.77,6741.56
2024-12-05,1300,Tennis,North America,28,249.02,6972.56
2025-03-15,1300,Hiking,Asia Pacific,31,195.23,6052.13
2025-03-26,9060,Hiking,North America,33,246.42,8131.86
2024-11-08,1300,Tennis,Asia Pacific,21,168.21,3532.4100000000003
2024-12-15,PR 997H,Walking,Middle East,39,109.31,4263.09
2024-12-20,PR 990v5,Walking,North America,47,143.03,6722.41
2024-12-22,1500,Hiking,Latin America,40,172.78,6911.2
2024-11-15,PR 327,Training,North America,45,73.89,3325.05
2025-01-03,1500,Tennis,Europe,28,178.25,4991.0
2024-11-09,1500,Made in USA,Middle East,45,246.42,11088.9
2025-02-25,237,Made in USA,Middle East,39,96.12,3748.6800000000003
2024-11-13,860v13,Hiking,Africa,42,210.59,8844.78
2025-02-01,1080v11,Running,Latin America,27,232.5,6277.5
2025-04-30,57/40,Running,Middle East,37,239.3,8854.1
2024-12-21,9060,Training,Africa,20,242.43,4848.6
2025-01-10,PR 997H,Running,Europe,42,159.08,6681.360000000001
2025-02-03,1300,Lifestyle,Middle East,26,245.69,6387.94
2025-02-27,993,Training,Africa,15,203.89,3058.35
2025-03-10,PR 327,Running,Europe,13,90.72,1179.36
2025-02-10,1080v11,Training,North America,29,150.61,4367.6900000000005
2025-04-12,237,Walking,North America,36,196.48,7073.28
2024-12-02,1500,Walking,Middle East,24,106.99,2567.7599999999998
2025-04-24,1500,Tennis,Europe,15,181.72,2725.8
2024-11-08,PR 574 Core,Running,Latin America,23,186.65,4292.95
2025-01-01,9060,Training,Middle East,20,90.91,1818.1999999999998
2025-02-04,57/40,Lifestyle,North America,48,167.37,8033.76
2025-03-06,1500,Basketball,Latin America,18,206.61,3718.9800000000005
2025-04-02,PR 990v5,Running,Africa,35,154.79,5417.65
2025-02-23,860v13,Made in USA,North America,25,62.3,1557.5
2024-12-16,PR 997H,Tennis,Europe,14,61.72,864.0799999999999
2025-03-02,1300,Lifestyle,Middle East,19,127.84,2428.96
2025-03-31,860v13,Lifestyle,Middle East,12,235.98,2831.7599999999998
2025-03-22,1080v11,Training,Europe,22,103.45,2275.9
2025-01-29,1500,Tennis,North America,39,180.53,7040.67
2025-01-28,1080v11,Walking,Europe,15,102.19,1532.85
2024-12-12,237,Walking,Middle East,26,121.12,3149.12
2025-01-06,1080v11,Training,North America,28,221.13,6191.639999999999
2025-04-26,1080v11,Training,Asia Pacific,44,198.48,8733.119999999999
2024-11-24,1300,Basketball,North America,35,78.13,2734.5499999999997
2025-01-12,1300,Hiking,Latin America,14,141.45,1980.2999999999997
2024-11-08,860v13,Walking,Africa,38,65.54,2490.5200000000004
2025-02-07,1080v11,Basketball,Europe,46,151.37,6963.02
2024-11-13,993,Tennis,Africa,29,185.86,5389.9400000000005
2024-12-12,993,Made in USA,North America,30,82.52,2475.6
2025-03-27,237,Lifestyle,North America,19,114.89,2182.91
2024-12-25,57/40,Made in USA,North America,14,135.59,1898.26
2024-12-27,PR 990v5,Basketball,Latin America,45,234.71,10561.95
2025-04-15,PR 997H,Training,Africa,15,248.72,3730.8
2024-12-28,237,Running,Africa,35,68.53,2398.55
2025-04-23,PR 997H,Hiking,Europe,13,204.59,2659.67
2024-12-23,PR 574 Core,Basketball,North America,48,130.63,6270.24
2025-01-08,PR 327,Running,Europe,48,134.57,6459.36
2025-04-16,57/40,Tennis,Latin America,44,203.31,8945.64
2025-02-13,PR 997H,Tennis,Asia Pacific,10,234.5,2345.0
2025-03-12,PR 990v5,Hiking,Middle East,33,240.68,7942.4400000000005
2024-11-06,860v13,Hiking,Middle East,45,169.65,7634.25
2025-04-24,PR 997H,Basketball,Latin America,15,127.85,1917.75
2024-11-03,1500,Walking,Asia Pacific,40,209.63,8385.2
2025-03-02,57/40,Running,North America,29,107.69,3123.0099999999998
2024-12-04,9060,Hiking,Middle East,33,167.17,5516.61
2025-04-15,237,Running,Africa,34,128.13,4356.42
2024-12-15,237,Training,Africa,45,184.76,8314.199999999999
2025-04-03,PR 990v5,Running,Europe,30,105.68,3170.4
2024-11-03,PR 990v5,Tennis,Asia Pacific,39,96.4,3759.6000000000004
2024-12-28,860v13,Lifestyle,Europe,33,234.47,7737.51
2025-01-04,57/40,Tennis,North America,39,79.34,3094.26
2025-04-05,PR 574 Core,Walking,Africa,31,156.13,4840.03
2025-01-18,993,Lifestyle,Europe,37,101.96,3772.52
2025-04-14,1500,Running,Asia Pacific,16,67.4,1078.4
2025-01-10,860v13,Hiking,North America,44,66.84,2940.96
2025-02-17,PR 327,Made in USA,North America,37,93.29,3451.73
2025-02-05,993,Basketball,Asia Pacific,23,224.69,5167.87
2025-01-29,PR 327,Walking,Europe,19,113.67,2159.73
2025-02-26,1300,Hiking,Latin America,25,240.59,6014.75
2025-01-04,1500,Training,Europe,25,170.51,4262.75
2024-12-26,1300,Hiking,Middle East,40,142.96,5718.400000000001
2025-02-28,1080v11,Lifestyle,Asia Pacific,34,170.22,5787.48
2025-01-17,9060,Lifestyle,Africa,22,158.17,3479.74
2025-04-23,860v13,Tennis,Europe,15,204.17,3062.5499999999997
2025-03-14,9060,Basketball,Latin America,18,113.67,2046.06
2025-04-09,57/40,Made in USA,Europe,45,127.08,5718.6
2025-02-10,1300,Running,Africa,29,229.88,6666.5199999999995
2025-03-30,860v13,Hiking,North America,27,239.83,6475.410000000001
2024-11-27,PR 574 Core,Training,Europe,30,229.59,6887.7
2024-11-02,1500,Basketball,North America,13,139.7,1816.1
2025-03-11,PR 327,Hiking,Middle East,42,208.27,8747.34
2025-04-19,9060,Hiking,Africa,36,150.5,5418.0
2025-02-04,PR 997H,Lifestyle,Latin America,16,154.53,2472.48
2025-03-24,1500,Lifestyle,Europe,15,98.89,1483.35
2025-04-15,9060,Made in USA,North America,24,172.31,4135.4400000000005
2025-04-02,57/40,Walking,Latin America,27,95.37,2574.9900000000002
2025-04-05,57/40,Made in USA,North America,41,123.0,5043.0
2025-01-12,237,Hiking,North America,20,222.46,4449.2
2025-01-16,237,Walking,North America,29,99.34,2880.86
2025-04-25,1300,Walking,Europe,33,73.52,2426.16
2024-11-28,PR 990v5,Walking,North America,24,73.11,1754.6399999999999
2025-03-04,1500,Basketball,Middle East,16,238.75,3820.0
2024-11-17,1080v11,Training,Middle East,30,156.31,4689.3
2025-01-26,237,Hiking,Africa,35,137.79,4822.65
2025-01-10,1080v11,Tennis,Asia Pacific,23,214.07,4923.61
2025-04-13,PR 997H,Basketball,Latin America,46,218.81,10065.26
2025-01-23,PR 574 Core,Basketball,Middle East,30,123.12,3693.6000000000004
2025-01-10,1500,Hiking,Latin America,27,191.79,5178.33
2025-01-06,860v13,Hiking,Middle East,14,206.51,2891.14
2025-04-17,PR 327,Tennis,Europe,12,184.38,2212.56
2025-04-16,PR 997H,Tennis,Europe,32,88.8,2841.6
2025-01-16,1080v11,Walking,Europe,35,226.42,7924.7
2024-12-19,1080v11,Tennis,Middle East,46,162.43,7471.780000000001
2024-12-09,1080v11,Tennis,Asia Pacific,33,113.67,3751.11
2025-03-13,57/40,Running,Africa,28,140.79,3942.12
2025-01-01,1300,Training,Latin America,34,67.14,2282.76
2024-11-15,993,Lifestyle,Latin America,30,84.29,2528.7000000000003
2025-04-03,PR 574 Core,Tennis,Europe,21,205.45,4314.45
2025-02-12,860v13,Made in USA,Europe,42,60.0,2520.0
2025-04-19,PR 997H,Lifestyle,Africa,13,139.15,1808.95
2025-01-21,9060,Made in USA,Middle East,16,159.28,2548.48
2025-04-24,57/40,Running,North America,31,70.38,2181.7799999999997
2024-12-06,993,Walking,Africa,42,244.88,10284.96
2024-11-07,PR 574 Core,Walking,Europe,26,102.96,2676.96
2025-04-17,237,Tennis,Middle East,33,117.8,3887.4
2025-03-08,860v13,Lifestyle,Latin America,43,117.75,5063.25
2025-01-15,237,Basketball,Africa,37,103.78,3839.86
2025-01-06,237,Basketball,North America,48,60.28,2893.44
2025-02-16,PR 997H,Running,Middle East,31,198.58,6155.9800000000005
2025-02-12,1300,Walking,Asia Pacific,26,243.7,6336.2
2025-02-08,1080v11,Lifestyle,Asia Pacific,43,102.62,4412.66
2024-11-10,860v13,Training,Latin America,15,185.98,2789.7
2025-03-30,9060,Running,North America,15,200.96,3014.4
2025-03-27,PR 990v5,Tennis,Africa,43,221.2,9511.6
2024-12-19,PR 997H,Basketball,Europe,10,140.3,1403.0
2025-01-27,PR 990v5,Training,Europe,19,117.56,2233.64
2024-12-27,1080v11,Made in USA,North America,30,121.81,3654.3
2025-04-25,1300,Made in USA,Africa,14,195.4,2735.6
2025-03-17,1300,Running,North America,11,215.19,2367.09
2025-04-13,1080v11,Tennis,Africa,31,94.51,2929.81
2025-03-02,1080v11,Walking,Asia Pacific,11,130.48,1435.28
2025-04-21,860v13,Walking,Africa,19,231.37,4396.03
2025-01-31,1500,Walking,Africa,43,213.27,9170.61
2025-03-10,PR 990v5,Training,Europe,25,247.12,6178.0
2025-01-16,1300,Made in USA,Latin America,48,203.31,9758.880000000001
2024-12-14,1080v11,Lifestyle,Middle East,31,134.71,4176.01
2025-04-18,PR 990v5,Running,Middle East,21,172.22,3616.62
2025-03-23,1080v11,Hiking,Europe,33,185.59,6124.47
2024-12-17,PR 327,Running,Asia Pacific,49,74.91,3670.5899999999997
2025-01-15,1080v11,Training,North America,47,163.45,7682.15
2024-11-25,1500,Lifestyle,Europe,19,194.77,3700.63
2025-03-01,9060,Running,North America,44,91.79,4038.76
2024-12-03,1300,Training,Europe,41,208.32,8541.119999999999
2025-01-06,1300,Walking,Middle East,16,170.92,2734.72
2025-03-24,860v13,Training,Latin America,30,240.92,7227.599999999999
2024-12-17,PR 990v5,Running,Latin America,29,68.06,1973.74
2025-04-24,993,Made in USA,Europe,35,110.41,3864.35
2025-01-25,993,Running,Europe,13,174.3,2265.9
2025-04-17,860v13,Basketball,Middle East,31,116.35,3606.85
2024-11-23,PR 327,Hiking,North America,24,195.74,4697.76
2024-12-27,PR 574 Core,Training,North America,49,204.21,10006.29
2025-01-30,PR 997H,Tennis,Middle East,30,79.48,2384.4
2024-12-28,237,Basketball,Asia Pacific,24,157.63,3783.12
2025-01-18,1300,Running,Asia Pacific,31,156.69,4857.39
2025-02-16,237,Training,Europe,37,130.16,4815.92
2025-01-24,237,Hiking,Latin America,23,237.26,5456.98
2025-02-04,1080v11,Walking,Asia Pacific,36,217.23,7820.28
2025-01-06,PR 997H,Hiking,Asia Pacific,49,192.47,9431.03
2025-03-30,9060,Basketball,Africa,37,195.72,7241.64
2025-01-15,1300,Tennis,Latin America,35,147.73,5170.549999999999
2025-02-27,1080v11,Made in USA,North America,11,234.99,2584.8900000000003
2024-12-01,1300,Basketball,North America,34,191.97,6526.98
2025-03-01,1080v11,Lifestyle,Middle East,12,198.51,2382.12
2024-11-14,1300,Walking,North America,17,223.72,3803.24
2025-04-12,860v13,Made in USA,Africa,42,112.07,4706.94
2025-03-30,1500,Running,Europe,44,213.34,9386.960000000001
2025-03-29,PR 327,Running,Europe,15,97.1,1456.5
2025-04-08,1080v11,Walking,North America,48,125.61,6029.28
2024-11-19,993,Training,Latin America,32,123.77,3960.64
2025-03-01,860v13,Tennis,Africa,34,245.92,8361.279999999999
2024-12-20,57/40,Made in USA,North America,28,222.74,6236.72
2025-03-09,237,Hiking,North America,14,193.22,2705.08
2024-12-01,1300,Lifestyle,Europe,20,198.14,3962.7999999999997
2025-04-24,1300,Running,Middle East,21,166.79,3502.5899999999997
2025-02-06,PR 574 Core,Tennis,Latin America,19,239.95,4559.05
2025-03-16,PR 997H,Tennis,Africa,17,154.29,2622.93
2025-01-16,9060,Tennis,Africa,33,132.3,4365.900000000001
2025-02-14,9060,Training,Asia Pacific,37,90.98,3366.26
2024-11-14,1080v11,Walking,Latin America,45,209.38,9422.1
2024-12-09,PR 574 Core,Training,Europe,46,199.54,9178.84
2024-12-06,PR 990v5,Running,Middle East,30,133.03,3990.9
2024-12-22,PR 997H,Training,Middle East,17,64.79,1101.43
2025-01-27,1500,Hiking,Asia Pacific,18,219.41,3949.38
2025-02-13,1500,Running,Europe,24,62.17,1492.08
2025-03-26,860v13,Training,North America,49,193.7,9491.3
2025-02-26,9060,Walking,Asia Pacific,27,244.35,6597.45
2024-12-07,1080v11,Lifestyle,Europe,29,143.16,4151.64
2025-01-20,1300,Tennis,North America,15,104.64,1569.6
2024-12-17,PR 574 Core,Hiking,Europe,21,193.93,4072.53
2024-11-21,1080v11,Lifestyle,Middle East,11,215.25,2367.75
2025-03-05,237,Basketball,Latin America,16,163.82,2621.12
2025-01-25,1300,Hiking,Europe,25,243.74,6093.5
2025-04-11,1300,Walking,Latin America,12,69.82,837.8399999999999
2024-12-16,PR 990v5,Hiking,Europe,12,155.91,1870.92
2025-01-20,1500,Walking,North America,36,196.51,7074.36
2025-04-12,1500,Lifestyle,Latin America,49,223.9,10971.1
2024-11-15,PR 574 Core,Hiking,Africa,47,94.06,4420.82
2024-11-02,PR 574 Core,Training,Latin America,42,212.0,8904.0
2025-02-24,237,Tennis,North America,37,165.01,6105.37
2025-01-10,860v13,Made in USA,Latin America,10,135.35,1353.5
2024-12-24,1080v11,Lifestyle,Europe,17,85.03,1445.51
2024-12-14,1300,Walking,Europe,46,224.41,10322.86
2025-03-28,1500,Lifestyle,Africa,41,89.88,3685.08
2024-12-11,PR 990v5,Walking,Latin America,46,118.86,5467.56
2025-03-06,860v13,Lifestyle,Europe,13,115.11,1496.43
2024-11-23,860v13,Training,Latin America,39,225.57,8797.23
2024-12-04,9060,Lifestyle,Asia Pacific,15,187.81,2817.15
2025-04-07,1500,Hiking,Europe,28,211.37,5918.360000000001
2025-02-20,9060,Lifestyle,Latin America,41,107.59,4411.1900000000005
2025-04-12,57/40,Lifestyle,Middle East,18,178.73,3217.14
2025-02-18,PR 990v5,Tennis,Europe,21,168.63,3541.23
2025-02-12,993,Basketball,Middle East,20,218.24,4364.8
2025-02-18,1500,Basketball,Asia Pacific,25,232.16,5804.0
2025-03-03,9060,Lifestyle,Asia Pacific,10,62.31,623.1
2025-02-07,PR 997H,Tennis,Europe,30,188.06,5641.8
2024-11-02,237,Lifestyle,Asia Pacific,39,69.85,2724.1499999999996
2024-11-10,9060,Running,Europe,22,164.28,3614.16
2025-03-17,57/40,Tennis,North America,43,114.65,4929.95
2024-12-22,1300,Hiking,Middle East,13,118.29,1537.77
2025-02-04,993,Hiking,Africa,37,127.06,4701.22
2024-11-04,993,Training,North America,47,178.05,8368.35
2025-01-22,1300,Made in USA,Asia Pacific,40,123.47,4938.8
2025-03-16,PR 574 Core,Training,Europe,36,199.21,7171.56
2024-12-19,9060,Lifestyle,North America,14,136.86,1916.0400000000002
2024-11-05,1080v11,Walking,Latin America,34,72.99,2481.66
2025-04-23,PR 327,Basketball,Latin America,12,208.91,2506.92
2024-11-02,237,Lifestyle,Latin America,42,114.29,4800.18
2025-04-10,PR 997H,Lifestyle,Europe,13,142.23,1848.9899999999998
2025-01-03,PR 574 Core,Running,Asia Pacific,34,190.23,6467.82
2024-12-28,PR 327,Training,Europe,29,123.17,3571.93
2025-04-27,1300,Walking,Asia Pacific,43,70.75,3042.25
2025-01-28,1500,Walking,Africa,35,131.04,4586.4
2025-01-19,9060,Walking,Europe,14,239.45,3352.2999999999997
2024-12-04,PR 327,Running,Middle East,44,181.93,8004.92
2024-11-27,PR 997H,Tennis,Africa,37,187.58,6940.46
2025-02-07,PR 990v5,Basketball,Europe,38,180.13,6844.94
2025-03-09,993,Made in USA,Africa,18,97.81,1760.58
2025-03-31,993,Lifestyle,Africa,47,139.48,6555.5599999999995
2025-01-18,PR 990v5,Made in USA,Europe,15,202.68,3040.2000000000003
2024-12-13,1300,Tennis,North America,28,79.26,2219.28
2024-11-17,1500,Lifestyle,Latin America,20,112.79,2255.8
2024-11-12,PR 574 Core,Hiking,Africa,11,112.5,1237.5
2025-01-16,1500,Made in USA,Latin America,18,142.08,2557.44
2025-01-14,PR 990v5,Made in USA,Europe,30,246.27,7388.1
2025-02-25,9060,Lifestyle,Africa,33,72.83,2403.39
2025-03-14,860v13,Lifestyle,Latin America,43,158.55,6817.650000000001
2025-04-02,PR 997H,Walking,Latin America,31,94.08,2916.48
2025-03-15,993,Walking,Asia Pacific,12,244.43,2933.16
2025-01-26,57/40,Running,North America,21,81.53,1712.13
2025-02-20,9060,Hiking,Middle East,37,136.68,5057.16
2025-04-25,57/40,Running,Latin America,39,200.2,7807.799999999999
2024-12-05,PR 574 Core,Training,Middle East,35,193.87,6785.45
2025-01-27,1080v11,Hiking,Europe,30,140.32,4209.599999999999
2025-03-06,9060,Walking,Europe,37,125.84,4656.08
2025-01-31,860v13,Walking,Asia Pacific,35,135.55,4744.25
2024-12-19,1300,Walking,Latin America,42,110.21,4628.82
2024-12-13,PR 327,Basketball,Africa,30,99.01,2970.3
2025-02-12,PR 327,Lifestyle,Europe,44,151.78,6678.32
2024-11-05,1500,Made in USA,Africa,43,111.02,4773.86
2024-12-29,9060,Made in USA,Europe,27,114.62,3094.7400000000002
2024-12-28,1300,Tennis,Africa,20,184.78,3695.6
2024-12-04,57/40,Made in USA,North America,32,244.02,7808.64
2024-12-25,1300,Walking,Latin America,31,174.69,5415.39
2024-11-06,PR 327,Hiking,North America,26,74.63,1940.3799999999999
2025-03-31,860v13,Hiking,North America,14,74.36,1041.04
2025-03-10,9060,Running,Latin America,20,240.77,4815.400000000001
2024-12-14,PR 997H,Hiking,Middle East,39,116.49,4543.11
2024-12-02,9060,Tennis,Africa,24,77.49,1859.7599999999998
2025-02-02,1500,Hiking,North America,36,173.82,6257.5199999999995
2025-04-16,1500,Running,Latin America,44,178.49,7853.56
2024-11-10,237,Basketball,Africa,42,183.22,7695.24
2025-02-05,1080v11,Made in USA,Latin America,29,110.81,3213.4900000000002
2025-04-13,57/40,Made in USA,Latin America,25,62.87,1571.75
2025-01-05,1500,Running,Middle East,43,243.35,10464.05
2025-03-17,1500,Walking,North America,11,107.67,1184.3700000000001
2025-04-09,237,Hiking,Latin America,44,188.44,8291.36
2024-11-13,PR 327,Running,Latin America,49,194.26,9518.74
2025-04-02,PR 327,Hiking,Europe,37,175.9,6508.3
2024-11-13,1300,Running,North America,48,119.45,5733.6
2025-04-19,57/40,Walking,Africa,15,111.51,1672.65
2024-11-28,993,Training,North America,18,173.56,3124.08
2025-04-17,9060,Made in USA,Middle East,29,224.56,6512.24
2024-11-06,993,Hiking,Middle East,10,239.88,2398.8
2024-11-13,1080v11,Training,Latin America,17,80.12,1362.04
2025-04-26,860v13,Training,Europe,32,89.42,2861.44
2024-11-30,PR 574 Core,Made in USA,Europe,12,239.5,2874.0
2025-02-15,993,Lifestyle,Asia Pacific,13,199.94,2599.22
2025-02-22,PR 997H,Hiking,Asia Pacific,34,227.77,7744.18
2025-02-06,237,Training,Europe,47,98.5,4629.5
2024-12-02,993,Running,Middle East,24,171.64,4119.36
2025-03-21,1080v11,Lifestyle,North America,30,193.22,5796.6
2025-01-04,PR 574 Core,Made in USA,North America,44,189.22,8325.68
2025-03-02,PR 997H,Made in USA,Latin America,23,137.55,3163.65
2025-04-29,1500,Basketball,Middle East,45,62.93,2831.85
2024-12-10,9060,Basketball,Asia Pacific,21,170.76,3585.96
2024-12-23,57/40,Lifestyle,Europe,26,108.09,2810.34
2025-04-27,1500,Lifestyle,Middle East,48,145.55,6986.400000000001
2025-04-25,1300,Hiking,Latin America,18,241.94,4354.92
2025-04-11,993,Hiking,Africa,44,135.82,5976.08
2024-11-03,860v13,Tennis,Middle East,22,219.56,4830.32
2025-01-17,993,Made in USA,Africa,24,95.82,2299.68
2025-02-16,PR 990v5,Running,North America,27,187.77,5069.79
2025-04-19,1080v11,Lifestyle,Latin America,42,245.63,10316.46
2024-11-26,9060,Made in USA,Latin America,15,79.36,1190.4
2025-04-19,860v13,Walking,Europe,36,61.58,2216.88
2025-03-14,PR 990v5,Made in USA,Middle East,32,142.38,4556.16
2025-01-09,PR 574 Core,Basketball,Latin America,36,77.6,2793.6
2025-04-09,1080v11,Training,Europe,43,202.19,8694.17
2025-04-05,237,Tennis,Asia Pacific,47,233.76,10986.72
2025-04-29,1300,Lifestyle,Middle East,23,142.46,3276.5800000000004
2024-12-06,9060,Basketball,Latin America,45,109.16,4912.2
2025-02-16,PR 574 Core,Basketball,Middle East,17,142.54,2423.18
2024-11-27,PR 574 Core,Basketball,Middle East,44,197.46,8688.24
2025-03-11,PR 327,Made in USA,North America,28,61.72,1728.1599999999999
2025-04-08,PR 997H,Tennis,Middle East,39,172.0,6708.0
2024-12-01,57/40,Basketball,North America,23,176.53,4060.19
2025-01-12,PR 574 Core,Hiking,Latin America,29,181.16,5253.64
2024-11-30,1300,Lifestyle,Middle East,34,105.98,3603.32
2024-11-28,PR 990v5,Hiking,Asia Pacific,49,195.67,9587.83
2025-03-08,993,Hiking,Africa,33,77.36,2552.88
2024-12-21,9060,Running,North America,23,97.86,2250.78
2025-04-05,9060,Lifestyle,Asia Pacific,35,226.72,7935.2
2024-12-22,1300,Tennis,Latin America,47,200.36,9416.92
2025-01-07,860v13,Lifestyle,Asia Pacific,32,62.61,2003.52
2025-03-14,1500,Lifestyle,Middle East,31,107.19,3322.89
2024-12-22,PR 327,Lifestyle,Africa,28,100.74,2820.72
2025-01-31,993,Lifestyle,Africa,12,111.45,1337.4
2025-04-30,1300,Running,Africa,28,107.04,2997.1200000000003
2025-02-13,PR 990v5,Hiking,Europe,18,71.88,1293.84
2025-01-15,1080v11,Training,Middle East,37,147.2,5446.4
2024-12-12,860v13,Training,North America,29,199.22,5777.38
2024-11-11,237,Made in USA,Africa,16,175.28,2804.48
2025-03-21,237,Training,Asia Pacific,23,187.85,4320.55
2025-03-08,PR 990v5,Lifestyle,Middle East,18,75.42,1357.56
2024-12-24,PR 997H,Basketball,North America,28,240.78,6741.84
2025-04-26,860v13,Lifestyle,Africa,23,219.31,5044.13
2025-03-04,1500,Walking,Middle East,47,212.97,10009.59
2025-01-24,PR 327,Running,Asia Pacific,45,216.37,9736.65
2024-12-31,PR 997H,Training,North America,49,237.21,11623.29
2024-11-01,PR 990v5,Running,North America,26,163.41,4248.66
2024-11-04,1300,Made in USA,Latin America,39,98.05,3823.95
2025-04-21,1500,Made in USA,Asia Pacific,18,177.19,3189.42
2024-11-23,1500,Made in USA,Latin America,42,201.15,8448.300000000001
2024-11-29,993,Running,Africa,34,200.2,6806.799999999999
2025-03-27,PR 997H,Made in USA,North America,23,159.08,3658.84
2025-04-21,1300,Walking,Asia Pacific,20,73.01,1460.2
2025-03-07,1080v11,Walking,Asia Pacific,44,130.51,5742.44
2024-12-09,860v13,Made in USA,Europe,23,234.95,5403.849999999999
2024-11-24,PR 990v5,Made in USA,Middle East,39,171.05,6670.950000000001
2025-03-11,57/40,Hiking,Africa,13,162.28,2109.64
2024-11-20,PR 997H,Made in USA,Middle East,13,111.08,1444.04
2024-11-26,860v13,Basketball,North America,37,130.01,4810.37
2025-01-05,PR 990v5,Running,Africa,17,230.12,3912.04
2025-04-14,1080v11,Walking,Middle East,11,186.63,2052.93
2024-12-30,PR 574 Core,Training,Europe,31,209.6,6497.599999999999
2025-02-25,PR 327,Walking,Europe,25,146.33,3658.2500000000005
2025-01-15,9060,Running,Asia Pacific,38,179.75,6830.5
2025-01-07,57/40,Lifestyle,Europe,39,107.19,4180.41
2025-02-27,860v13,Lifestyle,Africa,21,194.04,4074.8399999999997
2024-11-13,9060,Running,North America,44,141.24,6214.56
2024-11-26,9060,Tennis,Middle East,20,144.08,2881.6000000000004
2024-12-15,1300,Running,Latin America,30,183.37,5501.1
2024-11-11,PR 997H,Lifestyle,Middle East,30,237.89,7136.7
2025-01-14,1500,Running,Africa,14,72.16,1010.24
2025-02-01,PR 990v5,Training,Middle East,29,216.7,6284.299999999999
2025-04-23,993,Tennis,Europe,46,115.55,5315.3
2025-01-20,993,Basketball,Middle East,12,144.34,1732.08
2025-02-18,PR 574 Core,Running,Europe,42,64.16,2694.72
2024-11-30,PR 574 Core,Basketball,Asia Pacific,18,117.2,2109.6
2024-11-25,1500,Hiking,Asia Pacific,18,155.5,2799.0
2024-11-12,PR 327,Lifestyle,Asia Pacific,13,70.67,918.71
2024-11-03,993,Lifestyle,Africa,44,153.31,6745.64
2024-12-06,1500,Training,Middle East,26,236.15,6139.900000000001
2025-04-19,1300,Lifestyle,Latin America,43,80.02,3440.8599999999997
2025-04-15,57/40,Made in USA,Asia Pacific,33,205.24,6772.92
2024-12-14,57/40,Tennis,North America,41,137.84,5651.4400000000005
2025-01-24,PR 327,Running,North America,10,184.48,1844.8
2025-01-31,PR 997H,Basketball,Asia Pacific,17,109.44,1860.48
2025-02-21,1300,Training,Asia Pacific,32,90.3,2889.6
2025-04-09,PR 997H,Tennis,Latin America,49,90.49,4434.009999999999
2025-01-08,237,Tennis,Latin America,21,73.39,1541.19
2024-11-24,9060,Hiking,Africa,21,95.27,2000.6699999999998
2025-02-04,1300,Basketball,Africa,24,186.2,4468.799999999999
2025-01-27,PR 990v5,Hiking,North America,28,227.52,6370.56
2024-12-17,PR 327,Basketball,Latin America,35,214.68,7513.8
2024-11-30,1080v11,Training,Middle East,38,190.18,7226.84
2025-02-11,9060,Made in USA,Africa,31,80.98,2510.38
2025-02-11,1500,Lifestyle,Middle East,49,114.95,5632.55
2025-02-25,PR 574 Core,Basketball,Africa,30,118.86,3565.8
2025-01-09,1500,Training,Asia Pacific,47,107.49,5052.03
2025-02-07,PR 574 Core,Tennis,Latin America,29,157.85,4577.65
2025-04-26,1500,Hiking,Africa,38,161.76,6146.879999999999
2025-03-03,PR 327,Walking,Asia Pacific,13,127.81,1661.53
2025-02-16,57/40,Walking,Middle East,16,127.22,2035.52
2025-04-16,PR 574 Core,Running,Middle East,37,217.43,8044.91
2024-12-13,1500,Basketball,North America,37,209.97,7768.89
2024-11-29,PR 327,Basketball,Europe,13,118.48,1540.24
2024-12-04,1500,Made in USA,Latin America,31,233.62,7242.22
2025-04-28,1300,Training,North America,21,241.03,5061.63
2024-11-16,PR 327,Hiking,North America,12,122.08,1464.96
2024-12-11,993,Tennis,Latin America,31,127.34,3947.54
2024-11-27,237,Training,Europe,11,156.07,1716.77
2025-02-15,9060,Tennis,Asia Pacific,33,238.81,7880.7300000000005
2025-04-01,1300,Lifestyle,North America,43,226.5,9739.5
2025-03-04,237,Made in USA,North America,36,79.49,2861.64
2025-03-26,PR 997H,Made in USA,Europe,10,134.62,1346.2
2025-04-23,57/40,Made in USA,Asia Pacific,17,165.14,2807.3799999999997
2025-02-21,237,Lifestyle,North America,32,155.6,4979.2
2024-12-17,860v13,Walking,Middle East,47,96.83,4551.01
2025-04-06,237,Training,Europe,15,223.18,3347.7000000000003
2025-02-06,1300,Walking,Latin America,31,188.62,5847.22
2025-01-31,PR 990v5,Running,Europe,34,219.2,7452.799999999999
2025-04-06,237,Basketball,Europe,27,223.17,6025.589999999999
2024-11-08,PR 574 Core,Running,Africa,26,202.19,5256.94
2025-04-25,PR 327,Made in USA,Middle East,21,143.45,3012.45
2024-12-04,PR 574 Core,Basketball,North America,15,176.0,2640.0
2025-03-04,9060,Walking,Asia Pacific,35,90.47,3166.45
2025-03-05,860v13,Hiking,Latin America,36,187.99,6767.64
2024-11-29,PR 997H,Hiking,Middle East,17,94.06,1599.02
2025-02-14,860v13,Running,Africa,28,191.85,5371.8
2025-02-21,993,Tennis,Europe,10,103.62,1036.2
2024-11-12,PR 997H,Tennis,Latin America,38,82.33,3128.54
2024-11-17,57/40,Walking,Asia Pacific,44,91.4,4021.6000000000004
2025-01-06,9060,Running,Latin America,49,60.38,2958.6200000000003
2025-04-17,57/40,Walking,Latin America,23,196.56,4520.88
2025-01-20,1500,Training,Middle East,44,199.16,8763.039999999999
2024-11-04,1500,Training,Middle East,29,157.84,4577.36
2025-04-30,PR 990v5,Basketball,North America,22,90.66,1994.52
2025-04-23,993,Training,Asia Pacific,47,75.88,3566.3599999999997
2025-03-15,PR 327,Training,Europe,17,63.63,1081.71
2025-03-28,PR 997H,Tennis,North America,29,91.49,2653.21
2025-03-25,PR 327,Running,North America,42,229.26,9628.92
2024-12-28,PR 574 Core,Basketball,Europe,35,105.89,3706.15
2025-04-21,9060,Tennis,Africa,48,127.31,6110.88
2025-01-26,860v13,Tennis,Middle East,30,80.02,2400.6
2025-03-13,993,Hiking,Asia Pacific,18,102.25,1840.5
2025-03-14,57/40,Running,Latin America,33,158.65,5235.45
2025-04-26,PR 574 Core,Lifestyle,Africa,46,175.47,8071.62
2025-04-29,1500,Walking,Asia Pacific,26,106.62,2772.12
2025-04-08,1080v11,Tennis,Middle East,33,70.97,2342.0099999999998
2024-11-25,237,Tennis,Middle East,30,134.3,4029.0000000000005
2025-02-19,57/40,Made in USA,Asia Pacific,48,104.5,5016.0
2025-04-19,57/40,Made in USA,Latin America,48,101.72,4882.5599999999995
2025-01-03,PR 997H,Running,Africa,22,242.37,5332.14
2025-03-04,1300,Lifestyle,Middle East,20,177.1,3542.0
2025-01-28,PR 327,Made in USA,Middle East,28,165.81,4642.68
2025-04-19,1080v11,Lifestyle,Africa,20,139.0,2780.0
2025-04-23,993,Made in USA,Africa,22,141.5,3113.0
2025-04-14,860v13,Tennis,Latin America,10,162.77,1627.7
2025-02-07,PR 997H,Made in USA,Latin America,49,192.32,9423.68
2024-12-09,237,Hiking,Asia Pacific,28,193.41,5415.48
2025-03-23,993,Running,Africa,21,92.62,1945.02
2025-04-06,PR 997H,Training,Europe,17,155.02,2635.34
2024-11-14,PR 997H,Tennis,Asia Pacific,17,138.27,2350.59
2024-11-03,993,Running,Europe,21,225.4,4733.400000000001
2025-04-14,PR 997H,Walking,Asia Pacific,42,179.97,7558.74
2024-12-11,PR 327,Tennis,Europe,35,161.18,5641.3
2025-03-10,PR 997H,Tennis,Latin America,48,81.92,3932.16
2025-03-01,PR 997H,Basketball,Asia Pacific,37,175.07,6477.59
2025-03-07,PR 997H,Lifestyle,Asia Pacific,14,82.27,1151.78
2024-12-13,PR 997H,Training,North America,17,124.07,2109.19
2024-11-20,1300,Running,Europe,34,87.14,2962.76
2025-03-06,57/40,Tennis,Asia Pacific,36,191.49,6893.64
2025-01-22,1080v11,Hiking,Asia Pacific,32,99.19,3174.08
2025-01-01,PR 574 Core,Lifestyle,Latin America,39,134.45,5243.549999999999
2025-01-24,PR 574 Core,Hiking,Europe,32,230.18,7365.76
2025-01-11,PR 574 Core,Lifestyle,Africa,29,98.82,2865.7799999999997
2024-11-13,860v13,Basketball,Europe,27,156.48,4224.96
2025-03-10,860v13,Training,Middle East,27,139.66,3770.8199999999997
2024-12-28,237,Tennis,Africa,11,63.44,697.8399999999999
2025-03-21,1300,Running,Asia Pacific,13,210.62,2738.06
2025-04-14,PR 990v5,Training,Europe,39,73.12,2851.6800000000003
2025-02-05,1500,Hiking,Europe,42,150.11,6304.620000000001
2025-02-12,PR 990v5,Basketball,Middle East,45,166.53,7493.85
2024-12-31,237,Made in USA,Middle East,27,179.4,4843.8
2024-11-21,57/40,Walking,Middle East,46,190.84,8778.64
2025-02-26,1300,Tennis,Europe,28,108.12,3027.36
2025-02-22,57/40,Made in USA,Europe,37,61.9,2290.2999999999997
2025-03-27,237,Training,Europe,49,197.45,9675.05
2025-02-23,1300,Walking,North America,29,161.77,4691.33
2024-11-23,PR 327,Training,North America,42,218.86,9192.12
2025-03-08,237,Lifestyle,Asia Pacific,21,216.06,4537.26
2025-02-23,1080v11,Basketball,Africa,24,220.23,5285.5199999999995
2025-01-20,1500,Tennis,Europe,48,152.17,7304.16
2024-12-01,PR 327,Running,Latin America,11,123.39,1357.29
2025-03-08,9060,Walking,Asia Pacific,38,210.4,7995.2
2025-04-17,PR 997H,Basketball,Asia Pacific,19,145.75,2769.25
2024-11-05,1300,Made in USA,Europe,11,94.85,1043.35
2024-11-27,1080v11,Running,Europe,20,222.45,4449.0
2025-02-12,PR 990v5,Made in USA,Africa,22,227.69,5009.18
2025-02-14,1500,Lifestyle,Middle East,19,148.6,2823.4
2024-11-10,9060,Walking,North America,23,74.38,1710.7399999999998
2025-03-23,237,Tennis,Middle East,27,133.69,3609.63
2025-03-21,1500,Made in USA,Asia Pacific,18,212.67,3828.06
2024-11-01,PR 990v5,Training,Asia Pacific,48,231.34,11104.32
2024-11-24,1500,Tennis,Europe,37,98.66,3650.42
2025-04-04,57/40,Lifestyle,Asia Pacific,12,72.72,872.64
2025-04-08,9060,Basketball,Latin America,29,226.7,6574.299999999999
2025-04-13,860v13,Lifestyle,Africa,15,133.99,2009.8500000000001
2025-01-17,1080v11,Walking,Europe,36,162.93,5865.4800000000005
2025-03-11,237,Running,Africa,11,243.93,2683.23
2025-03-24,PR 574 Core,Made in USA,Asia Pacific,38,72.65,2760.7000000000003
2024-12-23,993,Hiking,North America,47,183.18,8609.460000000001
2025-04-17,1500,Basketball,North America,12,74.08,888.96
2025-04-21,237,Running,Latin America,25,131.34,3283.5
2025-02-25,57/40,Training,Latin America,39,212.72,8296.08
2025-01-27,993,Running,Europe,49,142.36,6975.64
2025-02-02,PR 990v5,Basketball,Latin America,11,249.46,2744.06
2024-11-14,PR 990v5,Tennis,Asia Pacific,26,166.22,4321.72
2024-12-28,860v13,Made in USA,Europe,21,121.02,2541.42
2025-02-25,PR 997H,Running,North America,44,101.82,4480.08
2025-01-24,9060,Basketball,Middle East,10,126.6,1266.0
2025-03-24,1300,Training,Africa,24,130.78,3138.7200000000003
2025-04-08,PR 574 Core,Running,Africa,35,73.06,2557.1
2025-04-03,57/40,Training,Asia Pacific,46,130.22,5990.12
2025-03-02,57/40,Walking,Middle East,30,148.21,4446.3
2025-04-18,1300,Tennis,Middle East,40,197.32,7892.799999999999
2025-02-02,PR 327,Walking,Asia Pacific,34,184.78,6282.52
2025-02-24,1080v11,Walking,Latin America,32,194.67,6229.44
2024-11-30,1500,Training,Asia Pacific,33,61.59,2032.47
2024-11-25,PR 327,Training,Africa,47,101.36,4763.92
2025-04-18,PR 997H,Tennis,Middle East,37,185.72,6871.64
2024-12-27,PR 327,Made in USA,Europe,30,151.96,4558.8
2024-11-01,237,Basketball,Africa,27,61.01,1647.27
2025-01-27,1300,Training,Middle East,45,212.85,9578.25
2025-01-30,57/40,Lifestyle,Latin America,44,206.83,9100.52
2025-04-12,57/40,Lifestyle,Asia Pacific,18,164.2,2955.6
2025-01-14,1080v11,Training,Middle East,47,72.63,3413.6099999999997
2025-03-21,237,Basketball,North America,39,205.64,8019.959999999999
2025-03-14,9060,Running,Middle East,43,170.91,7349.13
2025-02-04,PR 997H,Basketball,Latin America,41,208.57,8551.369999999999
2025-04-29,9060,Walking,North America,12,202.83,2433.96
2024-11-28,993,Tennis,Europe,12,212.57,2550.84
2024-11-12,57/40,Tennis,Middle East,37,158.42,5861.54
2024-12-13,57/40,Training,Africa,24,86.66,2079.84
2025-03-07,9060,Lifestyle,North America,32,187.52,6000.64
2024-12-06,PR 327,Training,Asia Pacific,49,177.89,8716.609999999999
2025-02-13,237,Walking,North America,20,201.03,4020.6
2024-11-28,1080v11,Lifestyle,Latin America,41,92.28,3783.48
2025-01-05,1300,Basketball,Africa,45,97.05,4367.25
2025-04-06,1080v11,Training,Europe,42,229.18,9625.56
2024-12-21,1300,Tennis,Latin America,33,202.5,6682.5
2024-12-19,860v13,Made in USA,Asia Pacific,48,232.56,11162.880000000001
2024-12-01,PR 997H,Running,North America,43,204.16,8778.88
2025-02-09,PR 574 Core,Lifestyle,Asia Pacific,37,173.46,6418.02
2024-12-26,993,Running,North America,46,184.29,8477.34
2025-02-26,PR 327,Made in USA,Africa,16,228.93,3662.88
2024-12-19,PR 997H,Running,Middle East,13,169.97,2209.61
2025-01-26,1500,Basketball,Europe,46,180.15,8286.9
2024-11-28,9060,Hiking,Africa,10,89.73,897.3000000000001
2025-02-15,9060,Running,Africa,10,150.05,1500.5
2024-11-12,PR 997H,Basketball,Europe,29,196.12,5687.4800000000005
2025-04-12,1080v11,Hiking,Asia Pacific,28,111.48,3121.44
2025-04-22,993,Hiking,Europe,38,98.43,3740.34
2025-03-31,1080v11,Lifestyle,North America,19,119.63,2272.97
2024-12-02,237,Made in USA,North America,27,105.89,2859.03
2025-02-24,PR 990v5,Tennis,Africa,37,100.83,3730.71
2025-02-26,1080v11,Training,Latin America,44,140.72,6191.68
2025-04-18,9060,Tennis,Middle East,40,232.49,9299.6
2025-03-31,237,Walking,Middle East,36,156.34,5628.24
2025-03-10,1080v11,Basketball,North America,20,95.7,1914.0
2024-12-05,860v13,Made in USA,Africa,47,74.62,3507.1400000000003
2025-03-08,1500,Lifestyle,Latin America,14,192.27,2691.78
2024-11-02,1500,Basketball,Europe,17,132.73,2256.41
2025-03-16,993,Made in USA,Latin America,43,216.15,9294.45
2024-11-13,57/40,Basketball,Asia Pacific,21,185.31,3891.51
2025-03-22,237,Made in USA,Africa,47,211.29,9930.63
2025-02-19,PR 327,Training,Africa,10,111.67,1116.7
2025-03-30,PR 327,Made in USA,Africa,40,191.55,7662.0
2025-03-04,1500,Made in USA,North America,13,110.17,1432.21
2025-03-11,1300,Walking,Middle East,14,238.42,3337.8799999999997
2024-12-16,PR 990v5,Walking,Asia Pacific,39,180.91,7055.49
2025-04-27,9060,Lifestyle,Latin America,33,121.66,4014.7799999999997
2025-03-29,PR 574 Core,Training,Europe,12,111.21,1334.52
2024-12-15,993,Tennis,Middle East,20,96.28,1925.6
2024-12-03,1080v11,Hiking,Latin America,13,191.98,2495.74
2024-11-27,PR 990v5,Lifestyle,Asia Pacific,35,101.56,3554.6
2025-02-08,PR 997H,Tennis,Latin America,36,173.11,6231.960000000001
2025-04-18,PR 327,Tennis,Asia Pacific,36,110.28,3970.08
2025-04-03,237,Made in USA,North America,15,185.77,2786.55
2025-04-05,860v13,Made in USA,Asia Pacific,24,214.84,5156.16
2025-01-22,PR 574 Core,Running,Asia Pacific,39,207.82,8104.98
2025-03-10,237,Basketball,Asia Pacific,46,204.56,9409.76
2025-02-07,993,Made in USA,Asia Pacific,46,95.67,4400.82
2025-02-16,57/40,Basketball,Latin America,46,76.79,3532.34
2025-04-05,PR 327,Tennis,Africa,44,192.8,8483.2
2025-04-27,57/40,Made in USA,North America,32,129.99,4159.68
2025-01-03,57/40,Made in USA,Europe,15,142.15,2132.25
2025-01-10,1500,Lifestyle,Middle East,13,65.92,856.96
2025-02-10,1500,Training,Latin America,27,109.32,2951.64
2025-01-27,PR 327,Tennis,Middle East,18,66.4,1195.2
2025-01-15,57/40,Lifestyle,Latin America,38,227.05,8627.9
2025-02-24,PR 990v5,Basketball,Latin America,22,106.25,2337.5
2024-12-05,9060,Hiking,Asia Pacific,26,165.89,4313.139999999999
2024-12-06,PR 574 Core,Basketball,Europe,41,67.41,2763.81
2025-02-14,57/40,Tennis,Middle East,31,186.7,5787.7
2025-04-04,860v13,Basketball,Latin America,13,121.38,1577.94
2025-04-29,1300,Training,Middle East,14,230.6,3228.4
2025-03-12,PR 997H,Made in USA,Latin America,46,228.74,10522.04
2025-01-16,1300,Hiking,Europe,22,121.81,2679.82
2025-04-29,1300,Hiking,Africa,43,231.18,9940.74
2025-03-21,860v13,Walking,Africa,31,249.27,7727.37
2025-01-20,860v13,Walking,North America,32,216.83,6938.56
2025-03-22,1500,Lifestyle,Europe,12,220.53,2646.36
2025-04-11,1080v11,Made in USA,Europe,43,107.31,4614.33
2024-12-26,PR 327,Hiking,Asia Pacific,41,169.57,6952.37
2024-12-22,57/40,Basketball,Latin America,30,72.78,2183.4
2024-12-24,57/40,Tennis,Africa,30,78.03,2340.9
2025-04-09,860v13,Walking,Asia Pacific,20,249.79,4995.8
2025-01-14,1500,Hiking,North America,48,122.06,5858.88
2025-04-25,237,Hiking,Africa,13,202.15,2627.9500000000003
2025-01-28,993,Tennis,Latin America,10,213.27,2132.7000000000003
2025-04-22,237,Walking,North America,37,223.02,8251.74
2024-12-04,PR 574 Core,Lifestyle,North America,33,249.55,8235.15
2025-04-16,9060,Basketball,Latin America,44,105.88,4658.719999999999
2024-12-16,1300,Made in USA,Middle East,22,67.67,1488.74
2025-03-09,PR 327,Basketball,Asia Pacific,43,138.13,5939.59
2025-03-19,237,Made in USA,Latin America,20,84.72,1694.4
2025-04-27,860v13,Tennis,Europe,45,64.26,2891.7000000000003
2025-04-13,1080v11,Basketball,Africa,26,128.48,3340.4799999999996
2025-01-22,1080v11,Made in USA,Latin America,44,208.91,9192.039999999999
2024-11-30,860v13,Lifestyle,Middle East,27,167.57,4524.389999999999
2025-01-30,57/40,Training,Africa,49,119.43,5852.070000000001
2025-03-24,9060,Hiking,Europe,31,184.32,5713.92
2025-03-03,860v13,Basketball,Europe,33,104.08,3434.64
2025-03-30,1300,Basketball,Europe,28,62.73,1756.4399999999998
2025-03-27,1300,Hiking,Latin America,46,205.23,9440.58
2025-04-20,9060,Tennis,Asia Pacific,48,178.51,8568.48
2025-02-15,PR 574 Core,Made in USA,Africa,30,204.84,6145.2
2025-04-22,PR 574 Core,Running,Latin America,17,67.4,1145.8000000000002
2025-03-17,1080v11,Basketball,North America,37,219.05,8104.85
2025-01-13,57/40,Walking,Asia Pacific,14,177.71,2487.94
2025-02-17,PR 997H,Lifestyle,Africa,26,167.05,4343.3
2024-11-04,57/40,Running,Asia Pacific,46,178.68,8219.28
2025-03-14,57/40,Lifestyle,Latin America,45,224.24,10090.800000000001
2024-11-28,860v13,Lifestyle,Africa,28,171.52,4802.56
2024-11-07,PR 327,Made in USA,Middle East,36,170.38,6133.68
2025-02-06,993,Training,Latin America,43,248.23,10673.89
2024-12-08,PR 327,Hiking,Europe,20,203.78,4075.6
2024-11-14,1300,Made in USA,North America,21,144.04,3024.8399999999997
2025-04-21,860v13,Walking,North America,30,194.41,5832.3
2024-11-15,9060,Walking,Europe,20,133.95,2679.0
2024-12-22,PR 327,Tennis,Asia Pacific,48,103.49,4967.5199999999995
2025-01-08,237,Training,Asia Pacific,37,173.4,6415.8
2024-12-12,57/40,Training,Middle East,14,236.35,3308.9
2025-01-13,993,Hiking,Middle East,26,236.54,6150.04
2025-04-24,1300,Tennis,Latin America,29,124.96,3623.8399999999997
2025-01-04,1500,Basketball,North America,21,160.26,3365.46
2024-12-08,237,Running,Middle East,15,100.21,1503.1499999999999
2024-11-16,9060,Hiking,Middle East,26,249.17,6478.42
2025-04-26,1080v11,Lifestyle,Asia Pacific,28,246.41,6899.48
2025-01-15,1080v11,Training,Latin America,35,183.41,6419.349999999999
2024-12-23,PR 990v5,Running,Europe,41,212.84,8726.44
2025-03-19,1080v11,Tennis,Latin America,15,195.87,2938.05
2024-11-09,993,Running,Middle East,45,172.7,7771.499999999999
2025-01-31,PR 997H,Running,Middle East,47,70.14,3296.58
2025-02-24,860v13,Tennis,Europe,20,146.41,2928.2
2024-11-27,PR 327,Basketball,North America,42,188.21,7904.820000000001
2025-04-07,993,Training,North America,33,188.73,6228.089999999999
2025-04-22,993,Running,Asia Pacific,32,130.89,4188.48
2025-03-24,993,Walking,Latin America,24,238.92,5734.08
2024-12-28,PR 574 Core,Hiking,North America,36,91.8,3304.7999999999997
2025-04-15,PR 997H,Hiking,Africa,20,155.07,3101.3999999999996
2025-03-24,1080v11,Tennis,Middle East,26,191.27,4973.02
2025-02-08,9060,Hiking,Asia Pacific,23,192.46,4426.58
2024-12-31,PR 574 Core,Hiking,Africa,36,183.24,6596.64
2025-03-11,PR 574 Core,Hiking,Latin America,27,112.3,3032.1
2025-04-28,PR 574 Core,Hiking,Africa,37,89.68,3318.1600000000003
2025-01-13,237,Walking,Latin America,13,180.83,2350.79
2025-04-27,1500,Lifestyle,Asia Pacific,16,173.87,2781.92
2025-04-20,PR 990v5,Made in USA,Middle East,44,94.08,4139.5199999999995
2024-11-13,PR 990v5,Lifestyle,Middle East,18,193.98,3491.64
2025-02-06,9060,Walking,Latin America,17,146.48,2490.16
2025-02-08,1500,Hiking,Middle East,26,186.87,4858.62
2025-02-15,PR 574 Core,Tennis,North America,26,219.1,5696.599999999999
2025-04-25,PR 574 Core,Hiking,Asia Pacific,42,92.25,3874.5
2025-01-20,PR 327,Lifestyle,Africa,41,63.64,2609.2400000000002
2025-03-22,1300,Training,Middle East,17,208.03,3536.51
2024-11-14,1080v11,Lifestyle,Africa,28,175.84,4923.52
2024-11-04,PR 574 Core,Lifestyle,North America,47,192.93,9067.710000000001
2025-01-04,860v13,Running,Asia Pacific,12,219.25,2631.0
2024-12-22,9060,Basketball,Europe,14,212.53,2975.42
2025-04-08,PR 327,Running,Africa,22,242.57,5336.54
2025-02-22,PR 997H,Lifestyle,North America,40,161.83,6473.200000000001
2024-12-28,PR 997H,Made in USA,Europe,25,152.81,3820.25
2025-04-12,993,Hiking,Asia Pacific,41,136.36,5590.76
2025-04-30,PR 327,Lifestyle,Latin America,31,89.2,2765.2000000000003
2025-04-15,237,Basketball,Middle East,38,168.8,6414.400000000001
2025-02-03,860v13,Lifestyle,Europe,31,112.63,3491.5299999999997
2025-03-31,1080v11,Hiking,Asia Pacific,12,235.05,2820.6000000000004
2025-03-20,1080v11,Made in USA,Europe,19,170.81,3245.39
2025-04-04,1500,Hiking,North America,30,172.64,5179.2
2024-12-21,1080v11,Lifestyle,Asia Pacific,25,127.44,3186.0
2024-12-20,PR 990v5,Made in USA,Asia Pacific,21,69.88,1467.48
2025-01-15,PR 990v5,Hiking,Latin America,11,66.03,726.33
2025-02-23,860v13,Made in USA,Middle East,33,140.43,4634.1900000000005
2024-12-16,57/40,Hiking,Asia Pacific,44,76.07,3347.08
2025-04-24,57/40,Tennis,North America,39,175.3,6836.700000000001
2024-11-20,237,Walking,Asia Pacific,39,227.38,8867.82
2024-12-18,237,Lifestyle,Asia Pacific,44,227.75,10021.0
2024-12-15,1500,Hiking,Africa,28,185.22,5186.16
2025-03-12,PR 327,Running,Middle East,17,100.13,1702.21
2024-12-01,1500,Made in USA,North America,35,223.97,7838.95
2025-02-05,237,Walking,Africa,49,228.36,11189.640000000001
2024-11-11,1080v11,Training,Europe,16,97.36,1557.76
2025-02-18,993,Hiking,Middle East,39,200.11,7804.290000000001
2025-01-11,1500,Tennis,Europe,16,114.44,1831.04
2025-03-23,1080v11,Running,North America,12,212.5,2550.0
2025-01-07,1300,Running,Africa,10,249.48,2494.7999999999997
2024-12-04,1300,Made in USA,Europe,45,65.7,2956.5
2024-12-12,237,Tennis,Africa,34,230.5,7837.0
2025-03-30,860v13,Basketball,Asia Pacific,46,178.3,8201.800000000001
2025-01-05,993,Made in USA,Asia Pacific,10,244.94,2449.4
2024-11-02,860v13,Basketball,Middle East,24,148.35,3560.3999999999996
2025-01-24,1300,Lifestyle,Asia Pacific,46,221.0,10166.0
2025-02-28,9060,Training,Asia Pacific,22,71.85,1580.6999999999998
2024-12-10,1500,Made in USA,Middle East,49,123.7,6061.3
2024-11-11,860v13,Basketball,Middle East,17,72.73,1236.41
2024-12-10,860v13,Basketball,Middle East,14,245.32,3434.48
2025-01-22,1500,Walking,Asia Pacific,18,215.23,3874.14
2025-04-02,PR 327,Made in USA,North America,10,221.98,2219.7999999999997
2024-11-14,57/40,Basketball,Africa,45,238.21,10719.45
2025-04-10,237,Training,Africa,44,76.17,3351.48
2025-04-07,1500,Running,Asia Pacific,11,133.26,1465.86
2025-04-19,PR 997H,Tennis,Europe,49,73.5,3601.5
2025-01-17,PR 574 Core,Running,North America,32,100.05,3201.6
2025-03-06,237,Made in USA,Europe,18,103.58,1864.44
2025-03-27,PR 327,Made in USA,Africa,43,149.13,6412.59
2025-03-21,57/40,Made in USA,Asia Pacific,23,111.03,2553.69
2025-01-31,9060,Tennis,Asia Pacific,13,79.19,1029.47
2024-11-19,PR 327,Hiking,Latin America,39,91.82,3580.9799999999996
2025-01-21,1080v11,Tennis,Latin America,40,87.98,3519.2000000000003
2025-03-15,PR 327,Training,Asia Pacific,47,244.88,11509.36
2024-12-27,PR 990v5,Training,Europe,20,204.27,4085.4
2024-12-18,PR 990v5,Lifestyle,North America,44,243.87,10730.28
2025-03-14,1500,Running,Europe,17,143.55,2440.3500000000004
2024-11-18,1080v11,Training,Europe,12,112.89,1354.68
2025-03-10,57/40,Training,Africa,23,211.68,4868.64
2024-12-11,PR 327,Running,Europe,22,121.99,2683.7799999999997
2025-02-15,237,Made in USA,Europe,41,116.88,4792.08
2025-03-20,1500,Lifestyle,Africa,43,104.18,4479.740000000001
2025-03-18,PR 990v5,Running,Africa,28,84.64,2369.92
2025-02-12,993,Training,Middle East,47,108.73,5110.31
2024-11-24,237,Running,Africa,25,127.51,3187.75
2025-01-29,237,Training,Africa,11,188.06,2068.66
2024-12-27,PR 327,Made in USA,Middle East,49,71.89,3522.61
2024-12-25,PR 990v5,Basketball,Africa,26,100.0,2600.0
2025-04-19,9060,Lifestyle,Middle East,43,213.71,9189.53
2025-01-24,PR 327,Basketball,North America,25,87.92,2198.0
2025-01-24,1300,Training,Latin America,47,125.1,5879.7
2025-02-01,PR 997H,Training,Latin America,11,224.29,2467.19
2025-01-15,PR 990v5,Lifestyle,North America,11,89.44,983.8399999999999
2024-12-26,1500,Training,North America,35,75.72,2650.2
2025-04-08,57/40,Training,Europe,22,152.06,3345.32
2025-03-16,PR 997H,Training,North America,40,117.46,4698.4
2025-03-02,9060,Running,Latin America,43,167.05,7183.150000000001
2025-03-24,1500,Basketball,Asia Pacific,48,212.72,10210.56
2025-04-16,9060,Lifestyle,Asia Pacific,12,86.06,1032.72
2024-11-03,9060,Lifestyle,Middle East,17,170.33,2895.61
2024-11-30,PR 997H,Made in USA,Asia Pacific,32,156.05,4993.6
2025-04-21,1080v11,Tennis,Europe,23,87.37,2009.5100000000002
2025-01-28,993,Lifestyle,Latin America,36,178.56,6428.16
2025-02-23,993,Training,Africa,38,111.99,4255.62
2025-01-01,860v13,Walking,Africa,48,152.69,7329.12
2025-04-14,9060,Made in USA,Asia Pacific,48,75.63,3630.24
2025-04-07,9060,Lifestyle,Europe,10,147.32,1473.1999999999998
2025-04-09,PR 997H,Running,Middle East,26,118.23,3073.98
2025-01-02,PR 327,Tennis,Asia Pacific,39,216.25,8433.75
2024-11-11,PR 574 Core,Basketball,North America,22,70.83,1558.26
2025-04-24,9060,Lifestyle,Middle East,30,139.54,4186.2
2025-01-22,860v13,Lifestyle,North America,28,147.1,4118.8
2025-02-06,PR 997H,Made in USA,Europe,28,197.75,5537.0
2024-11-30,1500,Hiking,Europe,34,169.11,5749.740000000001
2025-02-07,1300,Hiking,Middle East,31,186.77,5789.87
2025-01-05,993,Walking,Europe,40,207.64,8305.599999999999
2025-03-19,860v13,Made in USA,Middle East,26,223.82,5819.32
2025-01-12,PR 327,Lifestyle,Europe,32,119.64,3828.48
2024-11-07,PR 327,Walking,Asia Pacific,41,162.22,6651.0199999999995
2025-03-13,860v13,Tennis,Europe,19,219.62,4172.78
2025-02-04,993,Running,Europe,19,248.0,4712.0
2025-03-12,1500,Training,Europe,45,229.01,10305.449999999999
2025-03-11,PR 327,Basketball,North America,17,130.58,2219.86
2025-02-23,9060,Running,Latin America,29,97.08,2815.32
2025-03-05,PR 997H,Lifestyle,Middle East,41,152.98,6272.179999999999
2024-11-12,PR 574 Core,Made in USA,North America,23,200.91,4620.93
2025-01-15,1080v11,Hiking,North America,37,153.59,5682.83
2025-04-16,1080v11,Made in USA,North America,33,151.8,5009.400000000001
2024-12-20,PR 327,Training,Latin America,24,219.26,5262.24
2025-01-22,PR 574 Core,Made in USA,Latin America,31,128.67,3988.7699999999995
2025-03-12,860v13,Walking,North America,39,223.36,8711.04
2024-11-22,237,Hiking,Europe,13,137.29,1784.77
2024-11-25,1300,Hiking,North America,22,122.36,2691.92
2024-12-13,237,Made in USA,North America,32,146.26,4680.32
2025-03-18,PR 327,Training,Middle East,17,204.86,3482.6200000000003
2025-03-17,993,Lifestyle,Africa,27,83.94,2266.38
2024-11-02,1300,Hiking,Africa,21,97.32,2043.7199999999998
2025-04-10,237,Running,North America,40,240.77,9630.800000000001
2024-11-17,PR 997H,Training,Latin America,23,93.34,2146.82
2024-12-24,57/40,Made in USA,North America,43,167.87,7218.41
2025-04-21,PR 990v5,Hiking,Asia Pacific,27,170.07,4591.889999999999
2025-04-11,1080v11,Tennis,North America,43,153.03,6580.29
2024-12-25,PR 990v5,Running,North America,20,182.5,3650.0
2025-04-25,1500,Basketball,Asia Pacific,21,103.67,2177.07
2025-02-17,PR 990v5,Tennis,Middle East,24,165.01,3960.24
2024-11-27,1080v11,Hiking,North America,40,130.71,5228.400000000001
2024-12-23,PR 574 Core,Training,North America,38,185.72,7057.36
2025-03-18,PR 327,Tennis,North America,35,86.83,3039.0499999999997
2025-04-29,PR 327,Training,Africa,27,168.47,4548.69
2025-02-20,1080v11,Training,Europe,41,95.2,3903.2000000000003
2025-04-15,993,Basketball,Africa,31,112.94,3501.14
2024-11-19,237,Training,Europe,47,101.55,4772.849999999999
2025-04-25,993,Hiking,Europe,26,94.74,2463.24
2024-12-10,PR 990v5,Made in USA,Middle East,32,216.89,6940.48
2024-11-07,PR 997H,Walking,Asia Pacific,33,114.28,3771.2400000000002
2025-02-26,PR 574 Core,Walking,North America,17,236.15,4014.55
2025-01-24,1080v11,Tennis,North America,15,244.29,3664.35
2024-11-10,PR 990v5,Lifestyle,Europe,14,168.54,2359.56
2024-11-23,237,Tennis,Middle East,38,87.17,3312.46
2024-11-19,PR 997H,Running,Asia Pacific,37,131.16,4852.92
2024-11-14,57/40,Running,Africa,20,211.57,4231.4
2024-12-16,9060,Basketball,Asia Pacific,10,129.8,1298.0
2025-01-04,PR 327,Running,Asia Pacific,28,76.53,2142.84
2025-03-23,237,Hiking,Europe,18,165.79,2984.22
2024-11-19,57/40,Basketball,Africa,36,220.57,7940.5199999999995
2025-03-28,237,Basketball,Middle East,43,211.23,9082.89
